City_ID,City,Lat,Lng,Max Temp,Humidity,Cloudiness,Wind Speed,Country,Date
0,ambodifotatra,-16.9833,49.85,22.310000000000002,82,27,2.83,MG,1691701175
1,puerto natales,-51.7236,-72.4875,3.0200000000000387,80,100,2.81,CL,1691700976
2,thompson,55.7435,-97.8558,19.090000000000032,48,75,1.54,CA,1691700970
3,port-aux-francais,-49.35,70.2167,3.930000000000007,90,100,14.89,TF,1691700979
4,quellon,-43.1167,-73.6167,7.140000000000043,81,75,8.23,CL,1691701007
5,huarmey,-10.0681,-78.1522,21.510000000000048,74,3,5.87,PE,1691701175
6,lazaro cardenas,17.9583,-102.2,31.510000000000048,62,75,3.54,MX,1691700884
7,petropavlovsk-kamchatsky,53.0452,158.6483,9.330000000000041,87,0,4.0,RU,1691700977
8,adamstown,-25.066,-130.1015,17.710000000000036,64,28,11.28,PN,1691700972
9,klyuchi,52.2667,79.1667,17.05000000000001,92,98,4.85,RU,1691701002
10,island harbour,50.724,-1.2758,19.400000000000034,90,19,0.45,GB,1691701176
11,murygino,58.7383,49.4582,17.910000000000025,80,0,1.4,RU,1691701176
12,cullowhee,35.3137,-83.1765,28.870000000000005,72,0,4.63,US,1691701176
13,iskateley,67.6803,53.1512,10.660000000000025,79,7,2.48,RU,1691700981
14,grytviken,-54.2811,-36.5092,-1.509999999999991,97,95,3.29,GS,1691700973
15,iqaluit,63.7506,-68.5145,8.850000000000023,87,40,5.14,CA,1691701005
16,udachny,66.4167,112.4,16.360000000000014,82,84,2.43,RU,1691700978
17,blackmans bay,-43.0167,147.3167,8.07000000000005,84,100,3.22,AU,1691700976
18,avarua,-21.2078,-159.775,25.03000000000003,78,75,7.2,CK,1691700945
19,belleville,44.1788,-77.3705,22.07000000000005,82,40,1.54,CA,1691701176
20,enewetak,11.3474,162.3373,28.360000000000014,78,33,5.19,MH,1691700999
21,susuman,62.7833,148.1667,13.640000000000043,53,6,0.72,RU,1691701003
22,seguela,7.9611,-6.6731,21.120000000000005,96,100,2.69,CI,1691701177
23,edinburgh of the seven seas,-37.0676,-12.3116,12.080000000000041,69,28,12.09,SH,1691700974
24,port alfred,-33.5906,26.891,19.930000000000007,58,0,4.75,ZA,1691700980
25,alaghsas,17.0187,8.0168,29.980000000000018,49,98,2.19,NE,1691701177
26,scottburgh,-30.2867,30.7532,18.260000000000048,77,94,7.33,ZA,1691701177
27,anadyr,64.75,177.4833,9.28000000000003,81,75,5.0,RU,1691700978
28,kolonia town,6.964,158.206,28.54000000000002,75,65,6.67,FM,1691701177
29,pasni,25.2631,63.471,26.980000000000018,83,94,5.22,PK,1691701177
30,regina,50.4501,-104.6178,24.060000000000002,58,75,4.12,CA,1691701077
31,waitangi,-43.9535,-176.5597,11.57000000000005,96,77,0.45,NZ,1691700972
32,ain taya,36.7933,3.2869,27.910000000000025,74,0,2.06,DZ,1691701177
33,foundiougne,14.1333,-16.4667,27.75,68,88,5.48,SN,1691701178
34,wailua homesteads,22.0669,-159.378,28.24000000000001,75,75,6.69,US,1691700971
35,jidong,45.2167,131.0833,19.02000000000004,99,100,3.88,CN,1691701178
36,swift current,50.2834,-107.8014,23.450000000000045,46,40,5.14,CA,1691701178
37,college,64.8569,-147.8028,21.220000000000027,88,100,0.0,US,1691700976
38,bonthe,7.5264,-12.505,25.02000000000004,85,100,5.04,SL,1691701028
39,pisco,-13.7,-76.2167,22.03000000000003,64,20,7.72,PE,1691700979
40,qamdo,31.1667,97.2333,7.760000000000048,90,100,0.32,CN,1691701020
41,mandalgarh,25.2,75.1,24.79000000000002,82,73,4.28,IN,1691701178
42,ardestan,33.3761,52.3694,27.410000000000025,19,0,0.99,IR,1691701178
43,graaff-reinet,-32.2522,24.5308,18.840000000000032,38,0,4.68,ZA,1691701178
44,murakami,38.2333,139.4833,23.670000000000016,85,0,2.43,JP,1691701178
45,vorgashor,67.5833,63.95,5.520000000000039,94,43,3.42,RU,1691701003
46,belyye vody,42.4167,69.8333,23.620000000000005,29,14,3.5,KZ,1691701179
47,talcahuano,-36.7167,-73.1167,12.82000000000005,76,75,6.17,CL,1691701179
48,isafjordur,66.0755,-23.124,7.82000000000005,78,100,4.46,IS,1691700983
49,bethel,41.3712,-73.414,23.340000000000032,85,100,0.45,US,1691700971
50,ciudad del carmen,18.6333,-91.8333,33.18000000000001,57,1,2.42,MX,1691701179
51,puerto baquerizo moreno,-0.9,-89.6,26.55000000000001,78,75,7.2,EC,1691700748
52,ribeira grande,38.5167,-28.7,24.220000000000027,69,20,4.63,PT,1691700978
53,nar'yan-mar,67.6713,53.087,10.730000000000018,80,7,2.5,RU,1691700987
54,mariinsk,56.2139,87.7472,12.740000000000009,88,100,1.23,RU,1691701179
55,whitehorse,60.7161,-135.0538,19.5,50,75,4.02,CA,1691700354
56,port elizabeth,-33.918,25.5701,14.160000000000025,94,4,1.03,ZA,1691700993
57,albany,42.6001,-73.9662,25.230000000000018,96,100,0.44,US,1691700915
58,mahanoro,-19.9,48.8,18.54000000000002,89,9,1.93,MG,1691701179
59,oranjemund,-28.55,16.4333,16.960000000000036,67,21,1.46,NA,1691701180
60,teploye,53.6202,37.5903,17.29000000000002,71,99,3.68,RU,1691701180
61,stanley,54.868,-1.6985,19.840000000000032,84,0,1.54,GB,1691700994
62,talnakh,69.4865,88.3972,12.340000000000032,64,90,6.93,RU,1691700979
63,omdurman,15.6445,32.4777,31.170000000000016,53,100,6.05,SD,1691701180
64,abepura,-2.6333,140.5833,24.450000000000045,83,40,0.0,ID,1691701180
65,praia da vitoria,38.7333,-27.0667,24.310000000000002,83,40,3.27,PT,1691701065
66,antsiranana,-12.2787,49.2917,21.99000000000001,78,0,4.46,MG,1691701014
67,richards bay,-28.783,32.0377,15.800000000000011,82,0,3.06,ZA,1691700924
68,chonchi,-42.6128,-73.8092,8.560000000000002,83,100,3.97,CL,1691700988
69,weno,7.4515,151.8468,27.310000000000002,75,50,2.19,FM,1691700981
70,lebu,-37.6167,-73.65,10.210000000000036,78,48,5.56,CL,1691700982
71,georgetown,5.4112,100.3354,25.960000000000036,92,20,1.03,MY,1691700797
72,ronne,55.1009,14.7066,14.950000000000045,82,20,5.14,DK,1691701180
73,al ain city,24.1917,55.7606,36.79000000000002,28,0,1.03,AE,1691701181
74,kodiak,57.79,-152.4072,12.730000000000018,88,100,3.09,US,1691700920
75,puerto ayora,-0.7393,-90.3518,28.980000000000018,92,53,3.58,EC,1691700792
76,papatowai,-46.5619,169.4708,3.420000000000016,82,100,2.38,NZ,1691700982
77,kongsberg,59.6652,9.6465,13.439999999999998,75,81,1.3,NO,1691701181
78,fort bragg,35.139,-79.006,31.910000000000025,57,40,5.66,US,1691700980
79,lompoc,34.6391,-120.4579,27.660000000000025,71,100,2.24,US,1691701018
80,newport,51.5877,-2.9984,20.28000000000003,84,46,4.59,GB,1691701151
81,aksu,41.1231,80.2644,25.460000000000036,38,46,5.69,CN,1691701181
82,katima mulilo,-17.5,24.2667,17.170000000000016,36,0,3.93,NA,1691701181
83,constantia,44.1833,28.65,21.5,60,100,3.18,RO,1691700975
84,argo,37.6333,22.7333,26.55000000000001,69,68,0.4,GR,1691700993
85,afaahiti,-17.75,-149.2833,25.930000000000007,69,50,7.76,PF,1691700984
86,sao vicente,-23.9631,-46.3919,30.100000000000023,56,75,2.57,BR,1691701181
87,hadibu,12.65,54.0333,25.470000000000027,82,49,6.61,YE,1691700972
88,atafu village,-8.5421,-172.5159,28.29000000000002,71,31,5.35,TK,1691700992
89,ugoofaaru,5.6667,73.0,28.230000000000018,76,100,7.18,MV,1691701181
90,nieuw amsterdam,5.8833,-55.0833,31.120000000000005,70,57,5.26,SR,1691701182
91,turpan,42.9333,89.1667,34.72000000000003,20,0,2.2,CN,1691701012
92,polyarnyy,69.1989,33.4478,17.100000000000023,73,0,5.2,RU,1691700997
93,invercargill,-46.4,168.35,1.6800000000000068,91,100,2.68,NZ,1691700762
94,boysun,38.2061,67.1986,23.879999999999995,30,0,3.15,UZ,1691701182
95,tazovsky,67.4667,78.7,6.32000000000005,65,1,9.09,RU,1691700989
96,port lincoln,-34.7333,135.8667,9.230000000000018,79,5,2.4,AU,1691700970
97,tiksi,71.6872,128.8694,16.970000000000027,49,3,2.14,RU,1691700977
98,heihe,50.2441,127.4902,17.32000000000005,94,0,0.96,CN,1691701182
99,margaret river,-33.95,115.0667,12.410000000000025,75,97,2.31,AU,1691700976
100,lihue,21.9789,-159.3672,28.58000000000004,68,75,6.69,US,1691701002
101,tabas,33.5959,56.9244,30.480000000000018,17,0,3.94,IR,1691700975
102,sao paulo de olivenca,-3.3783,-68.8725,29.08000000000004,69,81,0.85,BR,1691701182
103,bredasdorp,-34.5322,20.0403,13.300000000000011,72,0,0.83,ZA,1691700992
104,codrington,-38.2667,141.9667,9.810000000000002,81,100,4.74,AU,1691701031
105,olesnica,51.2134,17.3899,16.439999999999998,75,93,2.18,PL,1691701183
106,jining,35.405,116.5814,22.99000000000001,82,2,1.1,CN,1691701183
107,yellowknife,62.456,-114.3525,21.29000000000002,46,100,1.54,CA,1691700973
108,coahuayana de hidalgo,18.7,-103.6583,32.01000000000005,63,95,3.04,MX,1691700983
109,taoyuan city,24.9937,121.297,28.33000000000004,85,75,3.09,TW,1691701183
110,tsiombe,-25.3,45.4833,17.03000000000003,74,19,4.97,MG,1691701016
111,hithadhoo,-0.6,73.0833,27.410000000000025,79,92,5.02,MV,1691701028
112,temiskaming shores,47.4938,-79.7153,16.890000000000043,75,75,4.4,CA,1691701184
113,les cayes,18.2,-73.75,30.870000000000005,65,56,3.89,HT,1691701018
114,aykhal,66.0,111.5,15.410000000000025,88,100,2.17,RU,1691701008
115,bilibino,68.0546,166.4372,10.03000000000003,79,100,1.78,RU,1691700973
116,borogontsy,62.6683,131.1683,14.450000000000045,67,0,2.93,RU,1691701184
117,olonkinbyen,70.9221,-8.7187,6.830000000000041,98,100,5.09,SJ,1691700974
118,tamanrasset,22.785,5.5228,30.950000000000045,8,0,4.12,DZ,1691701005
119,hammerfest,70.6634,23.6821,25.25,53,0,4.12,NO,1691701007
120,shache,38.4167,77.2406,29.260000000000048,23,99,4.76,CN,1691701185
121,nuku'alofa,-21.1333,-175.2,23.189999999999998,88,75,3.09,TO,1691701003
122,tbilisskaya,45.3633,40.19,26.30000000000001,50,1,0.83,RU,1691701185
123,gloversville,43.0528,-74.3438,21.970000000000027,98,100,0.41,US,1691701185
124,happy valley-goose bay,53.3168,-60.3315,17.170000000000016,63,75,4.63,CA,1691701004
125,acarau,-2.8856,-40.12,25.910000000000025,77,25,7.55,BR,1691700965
126,carnarvon,-24.8667,113.6333,18.090000000000032,84,23,1.17,AU,1691700951
127,hamilton,39.1834,-84.5333,28.33000000000004,63,40,6.17,US,1691700782
128,yichang,30.7144,111.2847,24.950000000000045,87,31,1.24,CN,1691701185
129,hami,42.8,93.45,27.78000000000003,24,0,3.65,CN,1691701035
130,tadine,-21.55,167.8833,19.08000000000004,55,0,7.9,NC,1691701186
131,callao,-12.0667,-77.15,21.160000000000025,73,100,7.2,PE,1691700997
132,mareeba,-17.0,145.4333,17.400000000000034,92,67,1.35,AU,1691700943
133,ain oussera,35.4514,2.9058,30.960000000000036,27,0,2.75,DZ,1691701186
134,la junta,37.985,-103.5438,36.210000000000036,18,3,0.81,US,1691701186
135,loreto,22.2667,-101.9667,27.510000000000048,27,98,4.02,MX,1691701186
136,sucre,-19.0333,-65.2627,24.27000000000004,6,0,3.78,BO,1691701086
137,tabou,4.423,-7.3528,24.28000000000003,84,100,4.14,CI,1691701186
138,eyl,7.9803,49.8164,24.680000000000007,81,73,10.57,SO,1691700991
139,axim,4.8699,-2.2405,24.110000000000014,86,81,3.39,GH,1691700967
140,terrace,54.5163,-128.6035,19.010000000000048,72,75,5.66,CA,1691701081
141,magadan,59.5667,150.8,13.310000000000002,71,4,1.97,RU,1691701022
142,jiwani,25.05,61.7417,26.950000000000045,85,100,4.54,PK,1691701187
143,pizarro,4.9533,-77.366,28.53000000000003,77,96,4.03,CO,1691701187
144,thulamahashi,-24.7246,31.1994,17.28000000000003,93,37,1.87,ZA,1691701187
145,jebel,45.5556,21.2136,18.360000000000014,75,47,0.48,RO,1691701187
146,paita,-5.0892,-81.1144,23.310000000000002,75,12,8.04,PE,1691701187
147,nova sintra,14.8667,-24.7167,22.670000000000016,75,22,7.22,CV,1691701009
148,hawaiian paradise park,19.5933,-154.9731,26.689999999999998,87,100,0.45,US,1691700971
149,mil'kovo,55.6078,37.7956,19.470000000000027,72,67,2.53,RU,1691701015
150,hermanus,-34.4187,19.2345,16.05000000000001,60,0,1.46,ZA,1691700987
151,funafuti,-8.5243,179.1942,30.0,84,75,2.57,TV,1691701187
152,ghazni,33.5536,68.4269,23.360000000000014,35,21,1.34,AF,1691701187
153,nikolayevsk-on-amure,53.1406,140.73,12.890000000000043,89,74,1.42,RU,1691701024
154,korla,41.7597,86.1469,28.560000000000002,24,0,4.13,CN,1691701188
155,west island,-12.1568,96.8225,24.99000000000001,88,100,5.66,CC,1691700983
156,ilulissat,69.2167,-51.1,8.010000000000048,76,75,2.06,GL,1691700975
157,zanesville,39.9404,-82.0132,27.360000000000014,66,40,4.12,US,1691700932
158,mount isa,-20.7333,139.5,7.8700000000000045,87,6,0.0,AU,1691701010
159,floro,61.5996,5.0328,10.04000000000002,93,75,3.09,NO,1691701008
160,punta arenas,-53.15,-70.9167,3.400000000000034,72,100,6.81,CL,1691700993
161,beibei,29.8256,106.4339,31.890000000000043,79,76,1.06,CN,1691701188
162,howrah,22.5892,88.3103,27.0,89,75,3.09,IN,1691701017
163,kayangel,8.0823,134.7173,27.82000000000005,82,95,8.7,PW,1691700996
164,simanggang,1.2472,111.4528,23.99000000000001,100,95,1.03,MY,1691701188
165,tofol,5.3248,163.0078,28.52000000000004,72,93,2.31,FM,1691701188
166,nova vicosa,-17.8919,-39.3719,22.640000000000043,74,77,3.66,BR,1691701188
167,san patricio,28.017,-97.5169,39.53000000000003,44,0,8.62,US,1691700977
168,yarmouth,41.7057,-70.2286,25.57000000000005,83,0,4.63,US,1691701188
169,susanville,40.4163,-120.653,31.57000000000005,16,0,1.79,US,1691700997
170,iquique,-20.2208,-70.1431,19.02000000000004,77,30,4.34,CL,1691701125
171,kingston,17.997,-76.7936,31.53000000000003,74,20,8.75,JM,1691700925
172,jiexiu,37.0244,111.9125,25.730000000000018,60,100,1.61,CN,1691701189
173,ushuaia,-54.8,-68.3,0.8100000000000023,100,75,3.6,AR,1691700989
174,sinabang,2.4803,96.3801,25.980000000000018,84,100,2.18,ID,1691701010
175,ofunato,39.0717,141.7167,25.24000000000001,93,53,2.21,JP,1691701189
176,st. john's,47.5649,-52.7093,21.55000000000001,89,75,4.12,CA,1691700703
177,haiku-pauwela,20.9219,-156.3051,26.25,80,75,6.17,US,1691700974
178,mirny,62.5353,113.9611,16.80000000000001,72,100,4.02,RU,1691701190
179,puerto cabezas,14.0351,-83.3888,31.980000000000018,74,40,3.09,NI,1691701190
180,port saint john's,-31.6229,29.5448,17.140000000000043,87,10,6.06,ZA,1691700985
181,saint-francois,46.4154,3.9054,21.49000000000001,68,0,1.03,FR,1691701021
182,troitsko-pechorsk,62.7084,56.1964,11.600000000000023,82,33,0.71,RU,1691701190
183,aioun,16.6614,-9.6149,36.650000000000034,27,48,4.26,MR,1691701190
184,gargalianoi,37.0667,21.6333,22.340000000000032,75,0,4.13,GR,1691701190
185,altay,47.8667,88.1167,18.640000000000043,46,4,2.72,CN,1691701033
186,egilsstadir,65.2653,-14.3948,9.950000000000045,76,20,4.12,IS,1691701003
187,voskresenskoye,56.8381,45.4317,19.180000000000007,76,18,0.8,RU,1691701191
188,boke,10.9409,-14.2967,24.160000000000025,96,100,2.22,GN,1691701191
189,vilyuchinsk,52.9306,158.4028,10.150000000000034,75,65,1.13,RU,1691701009
190,qaqortoq,60.7167,-46.0333,7.830000000000041,75,86,2.0,GL,1691700975
191,myeik,12.4333,98.6,26.04000000000002,89,34,3.15,MM,1691701191
192,masindi,1.6744,31.715,18.760000000000048,93,95,1.28,UG,1691701191
193,viedma,-40.8135,-62.9967,17.379999999999995,32,100,6.22,AR,1691700921
194,kovalam,8.3667,76.9967,27.05000000000001,89,40,1.54,IN,1691701191
195,plattsmouth,41.0114,-95.8822,31.340000000000032,61,75,5.14,US,1691701000
196,new norfolk,-42.7826,147.0587,8.730000000000018,95,100,1.41,AU,1691700998
197,salalah,17.0151,54.0924,24.650000000000034,94,82,1.23,OM,1691701191
198,brisas de zicatela,15.8369,-97.0419,31.28000000000003,64,89,3.45,MX,1691701192
199,longyearbyen,78.2186,15.6401,9.910000000000025,81,100,1.03,SJ,1691700988
200,yuzhno-kurilsk,44.0306,145.8556,20.150000000000034,96,100,5.3,RU,1691701006
201,guerrero negro,27.9769,-114.0611,26.879999999999995,60,6,7.62,MX,1691700950
202,horta,38.5333,-28.6333,23.80000000000001,78,20,4.63,PT,1691701192
203,champerico,14.3,-91.9167,35.30000000000001,71,80,5.28,GT,1691701192
204,vorkuta,67.5,64.0,5.850000000000023,94,41,3.45,RU,1691701007
205,tromso,69.6496,18.957,14.010000000000048,88,75,3.09,NO,1691700913
206,al majaridah,19.1236,41.9111,33.58000000000004,41,76,0.15,SA,1691701192
207,tarko-sale,64.9225,77.785,10.180000000000007,75,23,10.43,RU,1691701192
208,leninskoye,41.7589,69.3864,25.53000000000003,28,0,0.65,KZ,1691701192
209,griffith,41.5284,-87.4237,28.920000000000016,72,75,4.63,US,1691701193
210,dwarka,22.2394,68.9678,27.24000000000001,82,99,7.83,IN,1691701193
211,portland,45.5234,-122.6762,28.129999999999995,43,40,4.12,US,1691700875
212,kencong,-8.2833,113.3667,20.03000000000003,92,52,0.97,ID,1691701193
213,saipan,15.1355,145.701,25.390000000000043,94,100,3.09,MP,1691701000
214,taltal,-25.4,-70.4833,19.980000000000018,59,27,1.95,CL,1691701193
215,glace bay,46.1969,-59.957,20.439999999999998,83,75,7.72,CA,1691701193
216,guayaramerin,-10.8368,-65.3614,36.04000000000002,30,81,1.27,BO,1691701193
217,ponta delgada,37.7333,-25.6667,23.400000000000034,83,40,3.6,PT,1691701008
218,peniche,39.3558,-9.3811,21.170000000000016,88,0,4.41,PT,1691701193
219,santa cruz del sur,20.7147,-77.9956,33.0,56,18,2.46,CU,1691701193
220,kratie,12.4881,106.0188,26.24000000000001,84,100,1.67,KH,1691701194
221,la ronge,55.1001,-105.2842,13.140000000000043,94,100,6.69,CA,1691701194
222,cabo san lucas,22.8909,-109.9124,35.900000000000034,74,75,3.09,MX,1691700906
223,east london,-33.0153,27.9116,18.79000000000002,70,0,6.27,ZA,1691700945
224,igarka,67.4667,86.5833,10.720000000000027,95,100,6.08,RU,1691700982
225,ulsteinvik,62.3432,5.8487,13.75,90,100,1.79,NO,1691701194
226,kalevala,65.2,31.1667,14.439999999999998,77,32,1.95,RU,1691701194
227,dudinka,69.4058,86.1778,12.57000000000005,53,75,11.05,RU,1691700995
228,naduvattam,11.4833,76.5667,13.980000000000018,95,100,0.62,IN,1691701194
229,murghob,38.1702,73.9667,13.860000000000014,40,98,1.73,TJ,1691701004
230,ngorongoro,-3.2397,35.4875,9.470000000000027,82,48,2.38,TZ,1691701194
231,shimoda,34.6667,138.95,25.060000000000002,87,16,5.07,JP,1691701194
232,martapura,-3.4167,114.85,23.05000000000001,100,100,1.54,ID,1691701194
233,mingyue,43.1069,128.9217,19.620000000000005,98,100,3.91,CN,1691701194
234,northam,51.0333,-4.2167,19.660000000000025,90,97,5.87,GB,1691701195
235,marianna,30.7744,-85.2269,37.76000000000005,32,0,4.7,US,1691701195
236,isabela,6.7085,121.9711,26.260000000000048,81,100,1.31,PH,1691701195
237,uturoa,-16.7333,-151.4333,25.120000000000005,67,75,7.57,PF,1691700992
238,el sauzal de rodriguez,31.9,-116.6833,22.57000000000005,73,57,3.63,MX,1691701195
239,kone,-21.0595,164.8658,16.78000000000003,60,0,2.26,NC,1691701014
240,al jawf,29.5,38.75,30.879999999999995,25,4,4.5,SA,1691701195
241,waingapu,-9.6567,120.2641,22.420000000000016,79,74,2.58,ID,1691701195
242,karratha,-20.7377,116.8463,20.120000000000005,55,0,2.84,AU,1691701195
243,kapuskasing,49.4169,-82.4331,20.05000000000001,63,75,5.66,CA,1691701014
244,brokopondo,4.75,-55.1667,31.200000000000045,55,53,0.73,SR,1691701195
245,cassilandia,-19.1133,-51.7342,30.890000000000043,20,0,2.67,BR,1691700979
246,fort mcmurray,56.7268,-111.381,14.770000000000039,100,100,5.14,CA,1691701006
247,nis,43.7031,7.2661,23.890000000000043,66,0,0.0,FR,1691701196
248,flying fish cove,-10.4217,105.6791,23.82000000000005,88,100,4.63,CX,1691700983
249,turtas,58.9417,69.1325,11.010000000000048,86,58,3.58,RU,1691701196
250,carutapera,-1.195,-46.02,26.420000000000016,80,77,4.68,BR,1691701016
251,kiunga,-6.1219,141.2906,21.640000000000043,90,94,1.49,PG,1691701196
252,shitanjing,39.2342,106.3439,19.04000000000002,69,100,5.68,CN,1691701013
253,hasaki,35.7333,140.8333,26.27000000000004,88,14,5.03,JP,1691700938
254,luderitz,-26.6481,15.1594,19.53000000000003,55,14,0.16,NA,1691700983
255,fayetteville,35.0527,-78.8784,32.29000000000002,56,20,8.23,US,1691700902
256,kendari,-3.945,122.4989,22.02000000000004,93,75,1.12,ID,1691701012
257,arraial do cabo,-22.9661,-42.0278,23.980000000000018,83,0,5.66,BR,1691701000
258,qiancheng,27.185,109.7654,23.160000000000025,90,3,0.73,CN,1691701196
259,shingu,33.7333,135.9833,25.82000000000005,92,38,3.28,JP,1691701197
260,touros,-5.1989,-35.4608,25.07000000000005,79,32,7.01,BR,1691701015
261,orkney,-26.9802,26.6727,11.110000000000014,49,10,2.51,ZA,1691701197
262,kinablangan,7.6947,126.5503,25.629999999999995,85,100,2.03,PH,1691701197
263,jamestown,42.097,-79.2353,26.120000000000005,52,40,6.69,US,1691700809
264,selfoss,63.9331,-20.9971,16.140000000000043,79,55,3.76,IS,1691700983
265,malabar,-33.9667,151.25,10.939999999999998,67,20,4.12,AU,1691701197
266,cambridge,43.3601,-80.3127,26.010000000000048,75,20,3.6,CA,1691700481
267,al kharijah,25.4514,30.5464,31.610000000000014,21,0,4.5,EG,1691701034
268,nelson bay,-32.7167,152.15,11.670000000000016,77,0,4.02,AU,1691700931
269,porto novo,6.4965,2.6036,25.900000000000034,87,27,2.99,BJ,1691700989
270,vrangel',42.7297,133.0839,20.510000000000048,93,100,9.16,RU,1691701026
271,mount gambier,-37.8333,140.7667,9.189999999999998,92,100,2.6,AU,1691700975
272,bardai,11.65,7.2333,22.350000000000023,89,100,1.68,NG,1691700986
273,utrik,11.2278,169.8474,27.75,70,13,4.93,MH,1691700972
274,ulaangom,49.9811,92.0667,16.49000000000001,60,11,2.02,MN,1691701198
275,bowling green,36.9903,-86.4436,28.960000000000036,66,75,3.09,US,1691701146
276,sumbe,-11.2061,13.8437,19.960000000000036,88,37,2.83,AO,1691701198
277,calabozo,8.9242,-67.4293,27.870000000000005,79,57,0.53,VE,1691701029
278,ola,59.5833,151.2833,13.32000000000005,71,19,0.75,RU,1691700992
279,tura,25.5198,90.2201,23.890000000000043,98,100,1.92,IN,1691700975
280,marsh harbour,26.5412,-77.0636,29.939999999999998,68,24,0.63,BS,1691701198
281,ancud,-41.8697,-73.8203,8.04000000000002,75,98,8.21,CL,1691700927
282,meiganga,6.5167,14.3,18.870000000000005,98,100,1.09,CM,1691701199
283,samsun,41.25,36.3333,21.79000000000002,91,28,1.15,TR,1691701199
284,sitka,57.0531,-135.33,15.939999999999998,82,100,1.54,US,1691701022
285,caleta de carquin,-11.0925,-77.6267,20.590000000000032,74,17,5.83,PE,1691701199
286,safford,32.834,-109.7076,36.53000000000003,28,74,1.34,US,1691701199
287,luganville,-15.5333,167.1667,21.230000000000018,65,95,5.75,VU,1691701199
288,jinghong,21.991,100.7341,22.49000000000001,100,100,0.31,CN,1691701199
289,broken hill,-31.95,141.4333,8.710000000000036,67,0,2.95,AU,1691701000
290,dhuusamarreeb,5.535,46.3861,24.810000000000002,65,96,9.87,SO,1691701199
291,mahibadhoo,3.7833,72.9667,27.99000000000001,77,100,6.01,MV,1691701200
292,mikhaylovskoye,51.8239,79.7172,18.170000000000016,94,100,1.82,RU,1691701200
293,usinsk,65.9939,57.5281,12.200000000000045,72,0,3.69,RU,1691701200
294,yatou,37.15,122.3833,23.77000000000004,78,100,7.95,CN,1691701200
295,fallon,39.4735,-118.7774,33.84000000000003,18,20,2.06,US,1691701201
296,badger,64.8,-147.5333,21.180000000000007,88,100,0.0,US,1691701011
297,ust-nera,64.5667,143.2,19.0,47,9,0.61,RU,1691701001
298,alice springs,-23.7,133.8833,5.75,65,0,2.57,AU,1691701011
299,bamboo flat,11.7,92.7167,28.05000000000001,83,75,2.57,IN,1691701213
300,harqalah,36.0303,10.509,25.920000000000016,73,0,2.06,TN,1691701216
301,twon-brass,4.3151,6.2418,25.610000000000014,84,100,1.98,NG,1691701219
302,ta'izz,13.5,44.0,26.129999999999995,47,20,0.64,YE,1691701221
303,holualoa,19.6228,-155.9522,26.910000000000025,76,0,4.12,US,1691701028
304,malur,13.0075,77.9378,22.980000000000018,72,100,3.63,IN,1691701223
305,tazacorte,28.629,-17.9293,25.54000000000002,73,0,7.2,ES,1691701011
306,nagqu,31.5,92.0,6.340000000000032,94,100,1.54,CN,1691701017
307,boguchany,58.3814,97.4531,15.700000000000045,74,51,0.78,RU,1691701224
308,longjiang,47.3303,123.1836,17.54000000000002,90,98,2.47,CN,1691701226
309,poyarkovo,49.6,128.6833,15.490000000000009,90,33,3.2,RU,1691701228
310,tanuku,16.75,81.7,26.680000000000007,77,100,1.94,IN,1691701231
311,vila velha,-20.3297,-40.2925,23.970000000000027,84,75,5.14,BR,1691701232
312,roswell,34.0232,-84.3616,30.950000000000045,65,0,7.2,US,1691701129
313,aasiaat,68.7098,-52.8699,3.2800000000000296,87,100,4.18,GL,1691700995
314,chulakkurgan,43.765,69.1814,24.03000000000003,43,0,3.47,KZ,1691701233
315,sabzevar,36.2126,57.6819,27.360000000000014,21,0,6.65,IR,1691701234
316,colac,-38.3333,143.5833,8.240000000000009,62,100,3.85,AU,1691701234
317,zeya,53.75,127.2667,16.02000000000004,75,76,0.81,RU,1691701234
318,copiapo,-27.3667,-70.3333,15.830000000000041,37,48,2.35,CL,1691701235
319,billingshurst,51.0192,-0.4541,21.04000000000002,1,31,2.84,GB,1691701235
320,jaguariaiva,-24.2511,-49.7058,19.29000000000002,65,60,0.33,BR,1691701235
321,camapua,-19.5314,-54.0439,32.610000000000014,18,0,2.11,BR,1691701236
322,rongelap,11.1635,166.8941,28.160000000000025,75,26,5.27,MH,1691701236
323,benjamin hill,30.1667,-111.1,35.200000000000045,27,100,2.59,MX,1691701236
324,karachi,24.9056,67.0822,26.900000000000034,78,75,6.17,PK,1691701148
325,nadym,65.5333,72.5167,5.8799999999999955,84,0,9.05,RU,1691700994
326,puerto ayacucho,5.6639,-67.6236,28.230000000000018,79,83,2.01,VE,1691701019
327,turabah,21.2141,41.6331,28.870000000000005,21,61,3.95,SA,1691701237
328,bankura,23.25,87.0667,28.970000000000027,72,100,1.58,IN,1691701237
329,isla aguada,18.7833,-91.4667,30.560000000000002,68,2,4.33,MX,1691701237
330,livingstone,-17.8419,25.8543,15.370000000000005,42,0,2.36,ZM,1691701237
331,north haven,41.3909,-72.8595,24.04000000000002,90,100,3.6,US,1691701238
332,la'ie,21.6477,-157.9253,30.980000000000018,67,63,8.08,US,1691701238
333,serhetabat,35.2799,62.3438,26.49000000000001,24,0,3.66,TM,1691701238
334,el bauga,18.262,33.9081,37.03000000000003,24,70,3.96,SD,1691701239
335,prince rupert,54.3161,-130.3201,18.05000000000001,83,75,7.72,CA,1691700927
336,bayji,34.9311,43.487,37.48000000000002,18,0,5.8,IQ,1691701239
337,coquimbo,-29.9533,-71.3436,16.850000000000023,77,75,7.2,CL,1691701016
338,shinkafi,13.0753,6.5105,27.340000000000032,69,100,2.14,NG,1691701239
339,tatarka,44.9589,41.9517,25.900000000000034,50,1,4.79,RU,1691701240
340,san antonio huista,15.65,-91.7667,32.400000000000034,42,4,2.28,GT,1691701240
341,jieshi,22.8134,115.8257,27.08000000000004,85,100,1.82,CN,1691701240
342,sable-sur-sarthe,47.8376,-0.3329,24.140000000000043,67,99,4.13,FR,1691701240
343,ladario,-19.0047,-57.6017,37.05000000000001,46,0,5.14,BR,1691701183
344,general conesa,-40.1,-64.4333,17.29000000000002,33,100,6.4,AR,1691701240
345,ghat,24.9647,10.1728,29.75,16,0,4.42,LY,1691701241
346,fisterra,42.9049,-9.2629,22.08000000000004,93,40,3.06,ES,1691700989
347,remire-montjoly,4.9167,-52.2667,31.02000000000004,70,53,5.14,GF,1691701030
348,sarkand,45.41,79.9186,21.28000000000003,49,81,4.34,KZ,1691701241
349,bahia blanca,-38.7196,-62.2724,14.900000000000034,52,100,1.34,AR,1691701241
350,la passe,45.5549,-0.8967,21.129999999999995,92,34,3.6,FR,1691700985
351,cole harbour,44.6724,-63.4751,25.53000000000003,64,54,6.71,CA,1691701241
352,walvis bay,-22.9575,14.5053,13.939999999999998,94,55,3.6,NA,1691701028
353,usogorsk,63.4106,48.6872,17.160000000000025,78,4,2.17,RU,1691700996
354,fale old settlement,-9.3852,-171.2468,27.620000000000005,77,90,4.98,TK,1691700972
355,oyem,1.5995,11.5793,20.100000000000023,98,96,1.49,GA,1691701241
356,staryye ozinki,51.1786,49.6769,23.32000000000005,36,37,3.04,RU,1691701242
357,palu,-0.8917,119.8707,24.55000000000001,88,100,1.81,ID,1691701242
358,faya-largeau,17.9257,19.1043,35.30000000000001,39,97,4.58,TD,1691701242
359,kanniyakumari,8.0833,77.5667,25.29000000000002,83,52,2.85,IN,1691701242
360,inhambane,-23.865,35.3833,17.920000000000016,70,0,3.39,MZ,1691701035
361,port mathurin,-19.6833,63.4167,22.640000000000043,80,43,8.87,MU,1691700995
362,hobyo,5.3505,48.5268,24.53000000000003,86,90,11.94,SO,1691701032
363,barcelona,41.3888,2.159,28.79000000000002,64,0,0.51,ES,1691701219
364,dhidhdhoo,6.8833,73.1,28.260000000000048,75,98,7.89,MV,1691701243
365,saryozek,44.3583,77.9753,20.860000000000014,58,100,2.35,KZ,1691701243
366,mandera,3.9366,41.867,28.060000000000002,45,86,8.89,KE,1691701243
367,vadso,70.0744,29.7487,22.49000000000001,77,0,1.54,NO,1691700991
368,talas,38.6908,35.5538,20.370000000000005,46,0,2.57,TR,1691701243
369,arar,30.9753,41.0381,36.01000000000005,9,20,3.6,SA,1691701243
370,palikir - national government center,6.9248,158.1611,24.410000000000025,94,75,0.0,FM,1691700973
371,opuwo,-18.0607,13.84,18.600000000000023,32,0,2.64,NA,1691701243
372,aswan,24.0934,32.907,37.610000000000014,13,0,4.12,EG,1691701243
373,xining,36.6167,101.7667,16.99000000000001,92,97,1.53,CN,1691701009
374,petrolina,-9.3986,-40.5008,29.03000000000003,37,20,5.66,BR,1691701244
375,san rafael,-34.6177,-68.3301,20.930000000000007,13,0,4.06,AR,1691701029
376,gillingham,51.3891,0.5486,22.80000000000001,71,20,2.89,GB,1691701244
377,gouyave,12.1646,-61.7296,29.430000000000007,84,40,7.2,GD,1691701244
378,lincoln city,44.9582,-124.0179,25.160000000000025,59,0,3.58,US,1691700947
379,buon ma thuot,12.6667,108.05,21.05000000000001,96,40,1.01,VN,1691701244
380,khrenovoye,51.12,40.2889,20.29000000000002,84,74,5.13,RU,1691701244
381,kalabo,-14.97,22.6814,17.160000000000025,31,2,2.86,ZM,1691701244
382,chitipa,-9.7024,33.2697,12.03000000000003,96,7,2.25,MW,1691701245
383,christchurch,-43.5333,172.6333,3.0100000000000477,85,99,1.32,NZ,1691701056
384,lijiang,26.8688,100.2207,15.07000000000005,96,100,1.11,CN,1691701245
385,metlili chaamba,32.2667,3.6333,33.52000000000004,14,0,3.6,DZ,1691701245
386,vila franca do campo,37.7167,-25.4333,23.230000000000018,91,58,1.23,PT,1691701011
387,kharp,66.8014,65.8081,8.79000000000002,93,9,3.52,RU,1691701245
388,camana,-16.6228,-72.7111,20.05000000000001,77,7,4.21,PE,1691701245
389,lepsy,46.235,78.9456,26.590000000000032,35,60,3.96,KZ,1691701245
390,vytegra,61.0064,36.4481,17.870000000000005,78,4,3.53,RU,1691701246
391,vilyuysk,63.7553,121.6247,13.57000000000005,77,11,2.71,RU,1691701016
392,manicore,-5.8092,-61.3003,25.970000000000027,83,0,2.06,BR,1691700987
393,fort st. john,56.2499,-120.8529,16.939999999999998,72,75,5.14,CA,1691700971
394,novodvinsk,64.4165,40.8122,17.870000000000005,83,12,1.04,RU,1691701246
395,bereznik,62.8551,42.7072,17.82000000000005,84,7,0.92,RU,1691701246
396,basco,20.4487,121.9702,28.090000000000032,85,66,9.0,PH,1691701246
397,santana,-0.0583,-51.1817,32.10000000000002,58,20,6.69,BR,1691701015
398,puerto armuelles,8.2833,-82.8667,28.99000000000001,91,64,1.34,PA,1691701166
399,mugia,43.1041,-9.2179,22.170000000000016,92,61,3.86,ES,1691701035
400,williston,48.147,-103.618,29.410000000000025,40,46,2.68,US,1691701202
401,lhasa,29.65,91.1,16.02000000000004,71,100,0.95,CN,1691701247
402,gadzhiyevo,69.2551,33.3362,16.07000000000005,75,0,4.97,RU,1691701247
403,gazojak,41.1875,61.4036,27.120000000000005,30,0,3.25,TM,1691701247
404,rumphi,-11.0186,33.8575,14.390000000000043,69,38,1.81,MW,1691701013
405,ulladulla,-35.35,150.4667,5.1299999999999955,84,0,2.19,AU,1691701247
406,las tablas,7.7667,-80.2833,29.80000000000001,75,67,4.84,PA,1691701248
407,lensk,60.7253,114.9278,19.650000000000034,74,100,1.64,RU,1691700997
408,klaksvik,62.2266,-6.589,11.510000000000048,90,51,6.71,FO,1691701248
409,lengshuitan,26.4111,111.5956,25.25,78,6,1.27,CN,1691701248
410,hola,51.5377,23.1902,14.100000000000023,66,92,1.49,PL,1691701249
411,blackwell,36.8045,-97.2828,33.30000000000001,44,0,2.06,US,1691701249
412,kadnikov,59.5022,40.338,19.33000000000004,85,100,1.5,RU,1691701249
413,tionk essil,12.7856,-16.5217,29.03000000000003,77,100,4.76,SN,1691701249
414,khilok,51.3674,110.4676,12.54000000000002,98,100,1.75,RU,1691701249
415,kavieng,-2.5744,150.7967,27.08000000000004,78,100,7.05,PG,1691701250
416,tolanaro,-25.0319,46.9987,19.04000000000002,77,75,3.09,MG,1691701250
417,fort-shevchenko,44.5086,50.263,27.430000000000007,67,31,6.61,KZ,1691701250
418,sao desiderio,-12.3633,-44.9733,28.180000000000007,28,100,1.9,BR,1691701250
419,kwang binh,17.4833,106.6,27.810000000000002,70,100,1.7,VN,1691701250
420,yamada,39.4667,141.95,24.74000000000001,93,52,1.86,JP,1691701250
421,"laikit, laikit ii (dimembe)",1.4792,124.9735,22.470000000000027,94,20,1.03,ID,1691701252
422,mitu,1.1983,-70.1733,26.700000000000045,88,77,2.26,CO,1691701219
423,gurlan,41.8447,60.3919,25.950000000000045,35,0,2.75,UZ,1691701252
424,benguela,-12.5763,13.4055,19.640000000000043,86,100,3.13,AO,1691701253
425,salekhard,66.53,66.6019,8.29000000000002,87,2,1.79,RU,1691701253
426,alesund,62.4723,6.1549,13.75,89,75,5.14,NO,1691701253
427,yarrawonga,-36.0167,146.0,3.7800000000000296,90,32,0.92,AU,1691701254
428,madimba,-10.4,40.3333,22.230000000000018,84,50,4.48,TZ,1691701254
429,asosa,10.0667,34.5333,16.100000000000023,80,97,1.97,ET,1691701254
430,jiangyou,31.7667,104.7167,25.120000000000005,95,72,1.38,CN,1691701254
431,stephenville,32.2207,-98.2023,42.920000000000016,24,0,1.79,US,1691701220
432,belo sur tsiribihina,-19.7,44.55,20.870000000000005,93,0,0.91,MG,1691701254
433,severnoye,56.3491,78.3619,10.900000000000034,86,68,2.32,RU,1691701255
434,yeniseysk,58.4497,92.1703,13.430000000000007,95,100,1.45,RU,1691701255
435,mozhaysk,55.5019,36.0272,14.900000000000034,63,100,1.79,RU,1691701255
436,aneho,6.2333,1.6,26.110000000000014,84,11,5.33,TG,1691701255
437,smirnykh,49.75,142.8333,12.720000000000027,99,100,0.57,RU,1691701255
438,daru,-9.0763,143.2092,23.700000000000045,75,97,7.49,PG,1691700992
439,elko,41.0002,-115.5012,30.090000000000032,15,0,3.58,US,1691701255
440,lapa,-25.7697,-49.7158,16.379999999999995,91,89,1.86,BR,1691700998
441,falmouth,50.1544,-5.0711,17.5,100,100,4.12,GB,1691701256
442,juneau,58.3019,-134.4197,15.680000000000007,97,100,6.17,US,1691700916
443,nyaunglebin,17.95,96.7333,23.510000000000048,97,100,0.8,MM,1691701256
444,lorengau,-2.0226,147.2712,27.060000000000002,80,100,6.43,PG,1691701256
445,arauca,7.0847,-70.7591,27.980000000000018,83,40,2.06,CO,1691701256
446,birjand,32.8663,59.2211,24.260000000000048,22,0,4.12,IR,1691701036
447,holetown,13.1867,-59.6381,30.310000000000002,78,22,6.62,BB,1691701256
448,hassi messaoud,31.6804,6.0729,35.920000000000016,15,0,2.57,DZ,1691701256
449,aitape,-3.1374,142.3475,27.460000000000036,79,99,5.88,PG,1691701256
450,rundu,-17.9333,19.7667,17.360000000000014,31,19,3.21,NA,1691701257
451,tobelo,1.7284,128.0095,25.350000000000023,83,82,3.28,ID,1691701257
452,nuuk,64.1835,-51.7216,9.340000000000032,81,75,1.03,GL,1691700986
453,geraldton,-28.7667,114.6,13.230000000000018,94,100,2.06,AU,1691701005
454,taulaga,-11.0553,-171.0883,28.28000000000003,72,99,5.48,AS,1691701257
455,basni,27.1667,73.65,28.680000000000007,65,100,8.07,IN,1691701257
456,takoradi,4.8845,-1.7554,23.480000000000018,87,75,1.92,GH,1691701257
457,san antonio de pale,-1.4014,5.6325,23.730000000000018,87,69,4.72,GQ,1691701012
458,litchfield,41.7668,-73.2501,21.620000000000005,95,100,1.94,US,1691701257
459,okhotsk,59.3833,143.3,13.939999999999998,85,95,2.75,RU,1691700988
460,southside,33.9245,-86.0225,30.670000000000016,73,0,5.66,US,1691701258
461,xingtai,37.0631,114.4942,26.04000000000002,88,100,0.31,CN,1691701258
462,abu jibeha,11.4562,31.2285,23.220000000000027,71,69,1.25,SD,1691701258
463,urengoy,65.9667,78.3667,9.439999999999998,71,4,9.73,RU,1691701259
464,sisimiut,66.9395,-53.6735,7.610000000000014,90,100,4.34,GL,1691701260
465,yanykurgan,43.915,67.2481,24.090000000000032,47,0,3.75,KZ,1691701263
466,kapa'a,22.0752,-159.319,28.99000000000001,77,11,3.13,US,1691701279
467,chosica,-11.9431,-76.7094,15.670000000000016,52,1,3.41,PE,1691701279
468,arendal,58.4615,8.7725,13.890000000000043,70,98,1.17,NO,1691701254
469,eldorado at santa fe,35.5264,-105.9347,31.120000000000005,26,20,2.68,US,1691701282
470,grande prairie,55.1667,-118.8027,19.100000000000023,48,75,9.77,CA,1691701282
471,riviere-du-loup,47.8304,-69.5342,17.150000000000034,77,82,2.57,CA,1691701050
472,revda,56.801,59.9303,10.080000000000041,89,9,1.52,RU,1691701283
473,narasannapeta,18.4167,84.05,27.939999999999998,75,97,1.57,IN,1691701283
474,onega,63.9061,38.1404,16.700000000000045,97,24,0.77,RU,1691701025
475,diapaga,12.0708,1.7889,23.57000000000005,91,61,3.2,BF,1691701284
476,cascais,38.6979,-9.4215,23.920000000000016,74,20,7.72,PT,1691701017
477,mul,20.0667,79.6667,25.460000000000036,79,95,0.63,IN,1691701285
478,kargasok,59.0556,80.8572,11.840000000000032,98,100,3.66,RU,1691701285
479,cadale,2.7603,46.3222,24.810000000000002,84,62,7.85,SO,1691701286
480,sola,-13.8833,167.55,23.350000000000023,67,100,13.29,VU,1691701286
481,lukolela,-1.0605,17.1821,23.52000000000004,73,85,1.33,CD,1691701286
482,chiredzi,-21.05,31.6667,17.120000000000005,50,76,1.29,ZW,1691701287
483,cherkessk,44.2233,42.0578,22.460000000000036,76,1,1.75,RU,1691701287
484,lan sak,15.4529,99.5761,24.560000000000002,79,97,2.0,TH,1691701287
485,minsk,53.9,27.5667,12.860000000000014,85,85,2.15,BY,1691701245
486,ayr,55.4627,-4.6339,20.939999999999998,83,75,4.12,GB,1691701287
487,luanda,-8.8368,13.2343,22.0,73,0,3.6,AO,1691701019
488,qarauyl,48.9451,79.255,19.860000000000014,65,37,5.8,KZ,1691701288
489,uglegorsk,49.0833,142.0333,14.0,96,100,1.6,RU,1691701288
490,miastko,54.0028,16.9826,10.230000000000018,83,24,1.65,PL,1691701288
491,midelt,32.6852,-4.7451,28.620000000000005,23,38,1.07,MA,1691701288
492,sretensk,52.2453,117.7093,15.5,96,100,0.45,RU,1691701288
493,namtsy,62.7161,129.6658,13.830000000000041,67,2,1.75,RU,1691700974
494,homestead meadows south,31.811,-106.1643,37.76000000000005,20,23,4.26,US,1691701288
495,morris,40.8334,-74.5329,21.590000000000032,95,100,1.54,US,1691701289
496,dongsheng,39.8161,109.9776,20.379999999999995,88,100,2.34,CN,1691701289
497,athens,37.9795,23.7162,27.590000000000032,51,40,3.6,GR,1691700504
498,perry,37.2506,-83.1999,27.100000000000023,84,80,3.81,US,1691701289
499,bhuj,23.2667,69.6667,26.810000000000002,79,100,6.47,IN,1691701289
500,crane,31.3974,-102.3501,41.74000000000001,12,1,2.82,US,1691701005
501,alofi,-19.0595,-169.9187,24.939999999999998,94,40,2.06,NU,1691700998
502,tralee,52.2704,-9.7026,14.700000000000045,95,29,2.38,IE,1691700992
503,punta del este,-34.9667,-54.95,18.060000000000002,90,100,4.12,UY,1691701290
504,kavalerovo,44.2661,135.0572,16.55000000000001,100,100,1.18,RU,1691701290
505,caleta olivia,-46.4393,-67.5281,13.520000000000039,49,13,6.69,AR,1691701290
506,visakhapatnam,17.69,83.2093,27.53000000000003,67,99,1.18,IN,1691701210
507,maragogi,-9.0122,-35.2225,23.640000000000043,82,6,3.65,BR,1691701290
508,ha'il,27.5219,41.6907,34.01000000000005,14,0,3.09,SA,1691701290
509,lata,40.1629,-8.3327,17.150000000000034,89,0,1.35,PT,1691700980
510,gorontalo,0.5412,123.0595,23.30000000000001,91,100,2.23,ID,1691701291
511,baise city,23.8997,106.6133,25.28000000000003,97,1,0.27,CN,1691701291
512,byron bay,-28.65,153.6167,10.950000000000045,69,0,2.27,AU,1691700930
513,tambopata,-12.7333,-69.1833,33.94,52,40,2.06,PE,1691701291
514,tidjikja,18.5564,-11.4271,37.52000000000004,17,7,6.86,MR,1691701291
515,farah,32.5,62.5,29.27000000000004,18,0,1.87,AF,1691701021
516,zouerate,22.7187,-12.4521,37.47000000000003,16,93,4.21,MR,1691701017
517,serdar,38.9764,56.2757,32.44,20,0,1.49,TM,1691701024
518,tibiri,13.5627,7.0485,27.80000000000001,58,100,1.38,NE,1691701292
519,katsuura,35.1333,140.3,26.189999999999998,88,6,4.06,JP,1691701016
520,dihok,36.8695,42.994,33.93000000000001,13,0,1.01,IQ,1691701292
521,amga,60.8953,131.9608,14.330000000000041,96,4,0.98,RU,1691701010
522,gurghiu,46.7667,24.85,14.140000000000043,71,66,1.29,RO,1691701292
523,al bayda',32.7627,21.7551,20.210000000000036,82,18,4.93,LY,1691701292
524,tual,-5.6667,132.75,25.52000000000004,80,70,9.18,ID,1691701292
525,colonia,50.9333,6.95,20.54000000000002,74,0,1.03,DE,1691701009
526,bintulu,3.1667,113.0333,25.230000000000018,94,20,1.54,MY,1691701293
527,kruisfontein,-34.0033,24.7314,19.010000000000048,28,2,5.09,ZA,1691700943
528,yoko,5.5333,12.3167,18.189999999999998,98,95,0.85,CM,1691701293
529,dunedin,-45.8742,170.5036,3.2200000000000273,75,100,0.45,NZ,1691700894
530,sheksna,59.21,38.5107,16.980000000000018,95,4,1.78,RU,1691701293
531,pedro juan caballero,-22.5472,-55.7333,29.980000000000018,42,20,2.06,PY,1691701293
532,saldanha,-33.0117,17.9442,13.03000000000003,76,0,2.9,ZA,1691701293
533,turan,16.0678,108.2208,27.99000000000001,78,20,0.51,VN,1691701294
534,puerto aysen,-45.4,-72.7,9.020000000000039,87,100,0.0,CL,1691701244
535,edmundston,47.3737,-68.3251,24.510000000000048,56,20,1.03,CA,1691701274
536,krasnoturansk,54.3186,91.5639,14.970000000000027,74,98,2.11,RU,1691701294
537,saint-pierre,-21.3393,55.4781,19.82000000000005,68,0,3.09,RE,1691701026
538,kununurra,-15.7667,128.7333,13.990000000000009,88,55,2.06,AU,1691701010
539,karagandy,49.8019,73.1021,17.970000000000027,77,97,8.06,KZ,1691701294
540,vilhena,-12.7406,-60.1458,33.120000000000005,35,40,5.14,BR,1691700971
541,fortuna,40.5982,-124.1573,21.629999999999995,77,100,5.14,US,1691700984
542,santa cruz,-17.8,-63.1667,32.03000000000003,48,20,12.35,BO,1691701294
543,mostaganem,35.9311,0.0892,26.760000000000048,63,0,0.86,DZ,1691701295
544,burnie,-41.0667,145.9167,10.090000000000032,88,100,2.91,AU,1691701295
545,aginskoye,51.1,114.53,15.350000000000023,97,100,1.57,RU,1691701295
546,pangody,65.85,74.4859,6.020000000000039,83,1,8.59,RU,1691701295
547,pingliang,35.5392,106.6861,21.30000000000001,88,71,2.94,CN,1691701295
548,essaouira,31.5125,-9.77,30.720000000000027,66,20,1.54,MA,1691701295
549,nurlat,54.4277,50.8051,19.390000000000043,58,4,2.79,RU,1691701295
550,bantay,17.5847,120.3892,25.840000000000032,87,100,3.22,PH,1691701295
551,saynshand,44.8824,110.1163,21.010000000000048,65,1,2.53,MN,1691701296
552,kismayo,-0.3582,42.5454,24.189999999999998,83,46,7.28,SO,1691701296
553,berdigestyakh,62.0989,126.6992,13.710000000000036,84,0,2.87,RU,1691701296
554,namibe,-15.1961,12.1522,16.010000000000048,89,20,3.79,AO,1691701013
555,kerikeri,-35.2268,173.9474,6.6200000000000045,94,34,2.28,NZ,1691700997
556,lydenburg,-25.0978,30.4597,7.170000000000016,92,2,0.85,ZA,1691701296
557,ormara,25.2088,64.6357,27.07000000000005,83,100,5.71,PK,1691701296
558,chibougamau,49.9168,-74.3659,20.79000000000002,68,100,7.2,CA,1691701001
559,khandyga,62.6667,135.6,16.400000000000034,61,14,1.33,RU,1691701010
560,kani keli,-12.9536,45.1033,24.590000000000032,76,0,6.89,YT,1691701297
561,lichinga,-13.3128,35.2406,14.050000000000011,77,0,5.36,MZ,1691701297
562,daltonganj,24.0333,84.0667,25.99000000000001,82,99,2.2,IN,1691701297
563,acapulco de juarez,16.8634,-99.8901,31.460000000000036,65,82,3.37,MX,1691701288
564,key west,24.5557,-81.7826,32.78000000000003,66,1,3.58,US,1691701258
565,cannonvale,-20.2833,148.7,18.660000000000025,76,2,4.36,AU,1691701298
566,quesnel,52.9999,-122.5029,18.28000000000003,55,75,2.57,CA,1691701230
567,tevriz,57.509,72.4042,12.5,82,97,3.66,RU,1691701298
568,bovril,-31.3431,-59.4451,20.510000000000048,64,95,1.94,AR,1691701298
569,chernyshevskiy,63.0128,112.4714,15.439999999999998,78,100,1.94,RU,1691701299
570,lahij,13.1667,44.5833,31.25,51,66,2.37,YE,1691701299
571,nowshahr,36.649,51.496,26.970000000000027,83,0,0.0,IR,1691701299
572,diego de almagro,-26.3667,-70.05,23.74000000000001,17,29,2.25,CL,1691701299
